{"cameraMode":{"drawMode":0,"name":"Shaded","section":"Shading Mode"},"sceneLighting":false,"audioPlay":false,"sceneViewState":{"m_AlwaysRefresh":false,"showFog":true,"showSkybox":false,"showFlares":true,"showImageEffects":true,"showParticleSystems":true,"showVisualEffectGraphs":true,"m_FxEnabled":true},"in2DMode":false,"pivot":{"x":97.46575164794922,"y":26.171897888183595,"z":-10.857454299926758},"rotation":{"x":0.048745088279247287,"y":0.2922753095626831,"z":-0.014923873357474804,"w":0.9549860954284668},"size":52.972225189208987,"orthographic":true}